gender,name.title,name.first,name.last,location.street.number,location.street.name,location.city,location.state,location.country,location.postcode,location.coordinates.latitude,location.coordinates.longitude,location.timezone.offset,location.timezone.description,email,login.uuid,login.username,login.password,login.salt,login.md5,login.sha1,login.sha256,dob.date,dob.age,registered.date,registered.age,phone,cell,id.name,id.value,picture.large,picture.medium,picture.thumbnail,nat
male,Mr,Marshall,Ford,9705,Queens Road,Chichester,Wiltshire,United Kingdom,AR1 9AG,7.5662,-119.0401,+2:00,"Kaliningrad, South Africa",marshall.ford@example.com,a48fa3f5-a2c6-45fc-81cf-ae9b928f36fc,silverwolf675,beans,NlWxu8WG,477c5b050b05861290a252afa30445f5,756ed7b03b4a0b43985342d967e02ca246a9bbb3,84caec99933d6f033ba4d296a44dcda25e773b4ba8e53dcf7f537600dd8be64b,1994-12-14T05:14:17.926Z,26,2012-11-21T21:19:56.118Z,8,017683 89501,0797-125-711,NINO,KW 02 90 08 I,https://randomuser.me/api/portraits/men/72.jpg,https://randomuser.me/api/portraits/med/men/72.jpg,https://randomuser.me/api/portraits/thumb/men/72.jpg,GB
female,Miss,Analice,da Luz,4239,Rua Sete de Setembro ,Toledo,Amazonas,Brazil,97123,-14.4780,-174.1733,-8:00,Pacific Time (US & Canada),analice.daluz@example.com,287ad198-b47b-43d5-88f9-6a698a79eea1,redsnake144,fishon,e9r8Ve38,08e227f85bcca80194fa963254604ebe,12d152dbd3b8c638d45e92d028852a24baed80d0,d9adbc2d8e1aa0a76e8aeadc58af351e31774142b845f4eb0036595078e1413d,1959-12-24T08:46:35.431Z,61,2007-07-01T13:57:43.083Z,13,(74) 1945-8963,(09) 7178-4980,,null,https://randomuser.me/api/portraits/women/46.jpg,https://randomuser.me/api/portraits/med/women/46.jpg,https://randomuser.me/api/portraits/thumb/women/46.jpg,BR
male,Mr,Alejandro,Martin,4477,Calle Covadonga,Torrevieja,Aragón,Spain,79883,-85.8780,-125.1714,-11:00,"Midway Island, Samoa",alejandro.martin@example.com,08d62b1b-adfd-47b9-bf04-3528b1fd115b,heavykoala330,splinter,cDsMLb7N,ee0ef03e95df7f9e561decb9a2d89ba1,52ba9e72e960376b8bc3f3a9fc604b8cb354375b,584225ab7908e6a2d93fa378e76143aaa45ceda9eeedd81c7b1e23692142d863,1956-11-14T09:51:19.454Z,64,2017-06-08T15:19:37.745Z,3,917-279-053,636-314-735,DNI,61072130-G,https://randomuser.me/api/portraits/men/12.jpg,https://randomuser.me/api/portraits/med/men/12.jpg,https://randomuser.me/api/portraits/thumb/men/12.jpg,ES
female,Miss,Mae,Snyder,8522,Thornridge Cir,El Paso,Nevada,United States,16699,-19.1357,63.8445,+6:00,"Almaty, Dhaka, Colombo",mae.snyder@example.com,b0a5df91-2818-4b62-9f17-c2acd0d75d4c,happybutterfly228,qwerty7,vSytPkdS,0bd907826f73faf9cbb079632cc07ae1,ba13859b4ecfc52c5d3b92f37405d23238a7a2f8,36adb77220c5e9938e46cca71a205b86845406596004be7a7c5d3ec86a493aab,1973-07-01T21:13:31.579Z,47,2008-10-14T01:13:59.687Z,12,(408)-782-5023,(258)-729-5597,SSN,726-49-2745,https://randomuser.me/api/portraits/women/64.jpg,https://randomuser.me/api/portraits/med/women/64.jpg,https://randomuser.me/api/portraits/thumb/women/64.jpg,US
male,Mr,Thomas,Martinez,638,Boghall Road,Mullingar,Roscommon,Ireland,25899,-10.0531,150.0797,+4:30,Kabul,thomas.martinez@example.com,bfb248b2-2f38-46e0-a2f0-49d3aa09399b,ticklishfrog193,eagle1,sB9djugZ,a97ce20206c32cee653fb07343fb3df4,77f9474646149d77b386edf3a6d6aed090515b29,0bea20d6dc8701c3eefce1ef54c34b3cb5400ac25a1890b2a7aa619e98d0c8c4,1978-07-31T15:14:55.852Z,42,2019-06-21T06:21:06.826Z,1,031-178-8407,081-622-5980,PPS,0539058T,https://randomuser.me/api/portraits/men/14.jpg,https://randomuser.me/api/portraits/med/men/14.jpg,https://randomuser.me/api/portraits/thumb/men/14.jpg,IE
male,Monsieur,Marlon,Dumont,1056,Rue Dubois,Gurmels,Schaffhausen,Switzerland,7878,86.7343,-171.8487,+5:45,Kathmandu,marlon.dumont@example.com,fb45d427-2d8f-4545-913e-00d51b04126b,orangesnake730,nyjets,2r2UytMK,a43ee3645a0a52029833f7c265158f04,ed5b57681502ad3c9fa605a5b1ad137e4fa7eecd,72833c7952335663b11f445d10973c7ad79f735df55feb4dc36628684d73fa39,1969-06-06T17:20:01.541Z,51,2005-10-05T07:23:52.293Z,15,078 505 86 45,077 859 66 43,AVS,756.4804.4971.48,https://randomuser.me/api/portraits/men/89.jpg,https://randomuser.me/api/portraits/med/men/89.jpg,https://randomuser.me/api/portraits/thumb/men/89.jpg,CH
male,Monsieur,Emanuele,Olivier,8621,Avenue du Château,Cheyres-Châbles,Valais,Switzerland,9368,76.6234,-131.3691,+5:45,Kathmandu,emanuele.olivier@example.com,f1f4fc1e-f5ad-4044-bc72-e69dfa50ec1b,sadsnake444,panda,jvmUyl6T,ceb66ba922c7b92ffee01d67b6fe3129,0a215d36ecca9e355a72b861ce05aa6f032c17ff,bef5e74b7a8fad0a21fc01e91949724dd0f258c99d20745130829a8589cca848,1996-04-25T10:15:34.774Z,24,2013-05-07T10:35:04.203Z,7,075 459 19 04,078 946 18 68,AVS,756.6474.0725.06,https://randomuser.me/api/portraits/men/96.jpg,https://randomuser.me/api/portraits/med/men/96.jpg,https://randomuser.me/api/portraits/thumb/men/96.jpg,CH
male,Mr,Eren,Nebioğlu,5988,Istiklal Cd,Adıyaman,Muş,Turkey,98804,65.8684,-35.7362,+2:00,"Kaliningrad, South Africa",eren.nebioglu@example.com,fe151180-73e1-4c07-8990-fad7643d13b4,whitebutterfly251,insertions,BHoJ2miY,b4e5e6de327d4972274fc15d0c4a587e,3d828ceaa56977e9b15fe73a85e7204cd8ca6460,3f0af51d806bdfa782d8d0ca9cb98602945407067ec1de60d458893ab64c26d9,1959-01-03T13:54:36.000Z,61,2013-09-22T05:00:18.832Z,7,(881)-882-1859,(757)-498-9439,,null,https://randomuser.me/api/portraits/men/44.jpg,https://randomuser.me/api/portraits/med/men/44.jpg,https://randomuser.me/api/portraits/thumb/men/44.jpg,TR
female,Madame,Anneliese,Bonnet,6790,Rue Paul Bert,Hundwil,Jura,Switzerland,6506,48.3031,177.9105,+1:00,"Brussels, Copenhagen, Madrid, Paris",anneliese.bonnet@example.com,1965a427-c59a-421c-8350-3f8ad4cdd481,crazymouse245,272727,fPmHYou9,ce7934a52820cb6f89acedb8afad61b6,3f6234ce0907a4a84035303a1b1616e1aa4b9331,f916a45f4785d32c8376fc610602de0ad02cec2f0cd17b3d54c07ff8033b0eef,1973-05-20T11:31:35.263Z,47,2011-04-02T04:24:27.662Z,9,078 699 20 42,075 901 24 48,AVS,756.9330.5969.14,https://randomuser.me/api/portraits/women/69.jpg,https://randomuser.me/api/portraits/med/women/69.jpg,https://randomuser.me/api/portraits/thumb/women/69.jpg,CH
male,Mr,Soren,Morel,4656,Place de L'Europe,Caen,Saône-et-Loire,France,13259,-26.4460,79.5183,-5:00,"Eastern Time (US & Canada), Bogota, Lima",soren.morel@example.com,64a20bb6-1285-4a71-9be3-904549dc4f88,lazywolf254,galary,CdSeikSw,368180c646bc77a43891ca2f19edcbad,2b2bc9774b4a8dc28392ac26709a82dd23fa5128,608cc1519b8293a09d846f7c02c1232508a5534fb35daaf6412996a4917113ea,1968-04-15T03:39:15.049Z,52,2018-12-27T23:58:39.053Z,2,01-49-21-04-37,06-42-03-37-29,INSEE,1NNaN08814966 15,https://randomuser.me/api/portraits/men/57.jpg,https://randomuser.me/api/portraits/med/men/57.jpg,https://randomuser.me/api/portraits/thumb/men/57.jpg,FR
female,Ms,Grace,Morris,3238,Gloucester Street,Hamilton,Northland,New Zealand,57324,80.2979,74.4782,+9:30,"Adelaide, Darwin",grace.morris@example.com,c4a7f3c6-993e-49a1-8ac2-47f1251d5d51,whitegorilla216,sterling,xt2R5IMF,305e26ef757c69256cab1e3f5f7426cd,2da79b68d0d500e6c1399ea952adfae9d0ececc1,8364c4837d540e2ed451475b1e277168a47a5411dc193f236c63844fd84ada86,1986-05-06T12:32:41.524Z,34,2002-06-27T21:41:53.345Z,18,(432)-640-1166,(513)-379-3347,,null,https://randomuser.me/api/portraits/women/9.jpg,https://randomuser.me/api/portraits/med/women/9.jpg,https://randomuser.me/api/portraits/thumb/women/9.jpg,NZ
male,Mr,پرهام,نكو نظر,4961,موسیوند,آمل,خوزستان,Iran,74054,22.8954,174.5610,+11:00,"Magadan, Solomon Islands, New Caledonia",prhm.nkwnzr@example.com,241bcd60-ba33-48fc-8096-f08d37a3c1d5,bluemeercat809,hell,dIFFwDNU,0218961f55727c2bc28b46c316a34693,887e9893b6b3ac300f30b5303acd3d0e538dae21,ef0adcbbc5fc27d30b50ffc0694f9e7f60f0982ac827a3455615d1499b68d5b4,1950-07-10T20:57:20.650Z,70,2002-04-29T11:59:45.264Z,18,035-07020325,0925-624-9821,,null,https://randomuser.me/api/portraits/men/23.jpg,https://randomuser.me/api/portraits/med/men/23.jpg,https://randomuser.me/api/portraits/thumb/men/23.jpg,IR
female,Ms,Halima,Føreland,4565,Bekkeveien,Vanse,Sør-Trøndelag,Norway,1166,17.5225,-141.4333,+11:00,"Magadan, Solomon Islands, New Caledonia",halima.foreland@example.com,d4db6499-a8cb-473e-8c80-8d9798e9f9a7,smallleopard522,richard,rBTpzXZv,7cfee4f2db63423c46ada4c2b7086bc7,e7ad58744b8b01a2ab9080d750f86cdb0945404e,218e7e9c0a27ea3f31e9298a118abb779719a8a713131d050d0e981a947284ab,1987-12-12T07:15:46.665Z,33,2013-10-09T01:37:16.596Z,7,84328665,49913343,FN,12128713644,https://randomuser.me/api/portraits/women/60.jpg,https://randomuser.me/api/portraits/med/women/60.jpg,https://randomuser.me/api/portraits/thumb/women/60.jpg,NO
female,Miss,Naomi,Harris,6519,Kaikorai Valley Road,Hastings,Waikato,New Zealand,98261,-32.7682,-10.8965,+11:00,"Magadan, Solomon Islands, New Caledonia",naomi.harris@example.com,c076eb17-d273-4ccd-82de-253c62ebabc6,goldenostrich226,aztnm,YKudfQSx,8bb9e8e7c6dbac8fb74a0741e78bbc65,6f53a1ff1dfb158e11b95354886e893ed4f1ce16,502f6ebee1f3408a07f8678a1d1e1ee79fa5836599c08e7ed55d7f12feed300e,1976-07-20T17:18:24.802Z,44,2018-11-30T20:24:24.890Z,2,(128)-638-8322,(652)-309-3488,,null,https://randomuser.me/api/portraits/women/80.jpg,https://randomuser.me/api/portraits/med/women/80.jpg,https://randomuser.me/api/portraits/thumb/women/80.jpg,NZ
male,Mr,Oliver,Salminen,5397,Reijolankatu,Kuopio,Finland Proper,Finland,19140,81.9061,48.7506,-11:00,"Midway Island, Samoa",oliver.salminen@example.com,fe268f2f-06ce-4792-89ea-6b71c380ae75,heavybutterfly211,rush2112,M27p7xkg,ffdb9a411325e97b8d5c1c2c59d84cfc,e24ce40f79c83bd7a2be99fdd8cf5253dc6c9734,ce907229affa83d943b340ca4f8c2a75d1df9282e2edf6e54dc65d2844c5b57c,1966-08-05T19:21:20.876Z,54,2018-10-25T17:15:55.288Z,2,09-064-341,047-646-59-61,HETU,NaNNA567undefined,https://randomuser.me/api/portraits/men/18.jpg,https://randomuser.me/api/portraits/med/men/18.jpg,https://randomuser.me/api/portraits/thumb/men/18.jpg,FI
female,Miss,Louisa,Sandmo,5956,Vidjeveien,Ottersbo,Bergen,Norway,3910,23.8649,8.1297,+2:00,"Kaliningrad, South Africa",louisa.sandmo@example.com,9709f783-9d32-4c7e-924a-7dd2de32e9eb,ticklishladybug911,gotyoass,UnoQQeTO,c825f15e4faddcdc2ddcff87b2157ba6,34942176a18a8d37be6b7a0e383d6e660a33f471,b6cb3e3144cd9acca449a72ea698aed24dee2ee78a9d70ac4beacf4f382e4a45,1984-05-17T20:02:14.864Z,36,2003-05-31T17:49:15.556Z,17,59407268,94082578,FN,17058443859,https://randomuser.me/api/portraits/women/26.jpg,https://randomuser.me/api/portraits/med/women/26.jpg,https://randomuser.me/api/portraits/thumb/women/26.jpg,NO
male,Mr,Johan,Gerard,6963,Rue de L'Abbaye,Colombes,Indre-et-Loire,France,89008,15.5023,78.6672,+9:30,"Adelaide, Darwin",johan.gerard@example.com,7fdf75e2-d110-47af-a671-a38d35f04a28,ticklishmeercat698,silence,KBdPgEwh,042172126db2b3964e1781ef033e8ba9,c9f35171e37ed27d095c75bb1c6356e00d7424b1,c556980038e4a92c167b0211a20c2c6898d2eebcb4239b39470155e727ee2230,1983-08-09T22:24:12.916Z,37,2014-08-20T00:35:25.724Z,6,05-12-77-37-71,06-15-41-96-82,INSEE,1NNaN03113167 11,https://randomuser.me/api/portraits/men/44.jpg,https://randomuser.me/api/portraits/med/men/44.jpg,https://randomuser.me/api/portraits/thumb/men/44.jpg,FR
female,Miss,Heidi,Thomas,2007,West Street,Sunderland,Kent,United Kingdom,HS6 1ZZ,2.8165,77.6738,-9:00,Alaska,heidi.thomas@example.com,99baff40-732f-4023-a7de-5408ebf2771e,tinyfrog640,gambit,Pn9a1aIj,6a3821ac791627f064866f9d5065c145,2d42b24e9a42cd270073484165cf4f7b5fecb70c,d5f30dea02589d190b652497a7a0ddbe4a6136d5595e3da4bf9bbb368c9c05e1,1979-01-06T02:57:34.098Z,41,2008-07-18T13:25:12.800Z,12,016973 52372,0780-212-823,NINO,NZ 16 77 00 C,https://randomuser.me/api/portraits/women/88.jpg,https://randomuser.me/api/portraits/med/women/88.jpg,https://randomuser.me/api/portraits/thumb/women/88.jpg,GB
female,Madame,Alisa,Lacroix,7419,Rue Paul-Duvivier,Lauterbrunnen,Aargau,Switzerland,6478,37.8338,-91.8197,+11:00,"Magadan, Solomon Islands, New Caledonia",alisa.lacroix@example.com,733d070b-122b-4568-a26f-926e32175c73,brownelephant513,bonbon,zilV4I65,11fb32a870bee6a592cbfc77ce53cbb5,284d9356b685bbeb4b8d0adf5d6b45f18d093c56,a8c7cfde1f2e757b531e36090d61f3e01e2f45a46c7b3a060c30d192ab5687b1,1963-02-13T04:49:06.728Z,57,2006-08-14T14:50:17.523Z,14,077 453 32 86,079 550 70 20,AVS,756.7204.5730.62,https://randomuser.me/api/portraits/women/22.jpg,https://randomuser.me/api/portraits/med/women/22.jpg,https://randomuser.me/api/portraits/thumb/women/22.jpg,CH
male,Mr,Eemeli,Tolonen,3537,Korkeavuorenkatu,Pirkkala,Åland,Finland,82417,-83.2957,-37.8451,-12:00,"Eniwetok, Kwajalein",eemeli.tolonen@example.com,6b4f0de1-7e99-41bd-958d-e5548864dbe8,yellowgoose922,phone,cILdRfzp,b637db0398ef47fb285c27068823416e,0b8ad2341408843c3a6cbfeee600bd72bcba2740,8fe204df8df51f90c32a68a3285d97ec108d9f8eaac24f35704989a4571cc260,1946-06-15T06:44:00.143Z,74,2018-01-07T05:42:31.374Z,2,06-464-333,049-195-10-93,HETU,NaNNA529undefined,https://randomuser.me/api/portraits/men/26.jpg,https://randomuser.me/api/portraits/med/men/26.jpg,https://randomuser.me/api/portraits/thumb/men/26.jpg,FI
male,Mr,Todd,Thompson,1028,Church Street,Blessington,Tipperary,Ireland,36358,22.9805,3.6687,-7:00,Mountain Time (US & Canada),todd.thompson@example.com,de62c016-44a6-4032-aa92-65cf657ca1fb,silverzebra650,mortimer,LD6Sdjjq,7f369fdd75f02508b17ba6393da73ab4,9c640d33f4b2c03bf140fac2b889ce1c26965aac,b80d1bc4430eee87839def48467dfee4e1de2b7210723e9178f0eeefd9741461,1956-05-06T05:53:34.582Z,64,2011-03-29T20:19:47.419Z,9,061-151-3854,081-100-5816,PPS,1065301T,https://randomuser.me/api/portraits/men/7.jpg,https://randomuser.me/api/portraits/med/men/7.jpg,https://randomuser.me/api/portraits/thumb/men/7.jpg,IE
male,Mr,Edouard,Perrin,7051,Rue D'Abbeville,Angers,Creuse,France,58576,89.8299,-1.4090,+4:00,"Abu Dhabi, Muscat, Baku, Tbilisi",edouard.perrin@example.com,a06b0888-57ac-4629-8103-590c03054848,sadbear435,22222222,F11HBT8f,14e60e37f7d023c59c4e3559714c1e65,667c97e47b59633b7b71b35d57f96dc95df4f11e,861ad65048f45f763165284ea40f56cc600cabe189b19003e52b12103273aff9,1950-01-27T01:30:48.683Z,70,2011-08-21T12:07:48.519Z,9,04-80-70-88-06,06-67-13-71-36,INSEE,1NNaN08615105 82,https://randomuser.me/api/portraits/men/41.jpg,https://randomuser.me/api/portraits/med/men/41.jpg,https://randomuser.me/api/portraits/thumb/men/41.jpg,FR
male,Mr,احسان,محمدخان,7507,داودی,بجنورد,اردبیل,Iran,74621,26.7822,-76.3430,+4:30,Kabul,hsn.mhmdkhn@example.com,6fd33ca5-3bf7-40eb-847b-36cd5cd87caa,lazybutterfly375,football,OOnJsoDb,1968d3e5370cba9f28891593c7d19dbb,718b44c2066a41d805cf91a82f1763c8add0b79b,2b03176066e2f3621d579a9c506c15c70de5de8dfa1d7c1528a11594ff0ac448,1945-04-02T22:40:01.158Z,75,2004-04-03T20:47:21.518Z,16,074-19687459,0977-479-4342,,null,https://randomuser.me/api/portraits/men/80.jpg,https://randomuser.me/api/portraits/med/men/80.jpg,https://randomuser.me/api/portraits/thumb/men/80.jpg,IR
female,Madame,Léonie,Lemaire,502,Rue Duguesclin,Corbeyrier,Aargau,Switzerland,3833,61.6843,-27.8094,-2:00,Mid-Atlantic,leonie.lemaire@example.com,64d9a80f-f255-475b-9deb-42fa64dfd950,bigfrog162,horney,7GwkEcz5,ab3a1cfdd3c222ad5770c9a5898a4392,d322addae935c3227884561e91ed188ef44cc488,50cd397bfd18a5e188b9179b5a2c467428c5800696c801daeef6fb165e45f264,1956-06-18T15:34:06.779Z,64,2017-03-04T01:34:34.726Z,3,075 337 30 24,078 374 47 68,AVS,756.8998.2896.07,https://randomuser.me/api/portraits/women/39.jpg,https://randomuser.me/api/portraits/med/women/39.jpg,https://randomuser.me/api/portraits/thumb/women/39.jpg,CH
male,Mr,Floriano,Fogaça,3494,Rua Mato Grosso ,Volta Redonda,Ceará,Brazil,43523,-74.6844,69.6298,0:00,"Western Europe Time, London, Lisbon, Casablanca",floriano.fogaca@example.com,b515a29f-d24e-4a5d-9543-a9350e47dd72,organictiger850,randy1,vOe9yJrz,1487038983342b54a36ce679ecb45ff9,2af99f3787aaea1a9c7d22ddc531336d88d5912b,1a65bf1e33409445bccf55fb4ca358f21a104f43570eaab8a480a36869cbe553,1960-02-11T00:02:53.406Z,60,2002-10-27T14:24:28.025Z,18,(01) 1130-5112,(10) 7254-3838,,null,https://randomuser.me/api/portraits/men/17.jpg,https://randomuser.me/api/portraits/med/men/17.jpg,https://randomuser.me/api/portraits/thumb/men/17.jpg,BR
female,Ms,Deniz,Akaydın,8690,Bağdat Cd,Kars,Kastamonu,Turkey,55595,32.4699,122.4290,-1:00,"Azores, Cape Verde Islands",deniz.akaydin@example.com,08b6219d-f4f6-421c-b116-f3f096561b97,smallmeercat846,jumper,cOwimHRO,6bc52990f75c0e0e4b5e44a06651dc6d,362f578587c372bcebebef21952f30c7ea83effc,b2b3d41cb7fe9ef807aeebccf1efd22ba67e2038dc44e3580d1e9c4f05b4a1f6,1959-03-07T15:41:14.152Z,61,2008-06-29T16:39:27.690Z,12,(938)-323-6983,(474)-319-1517,,null,https://randomuser.me/api/portraits/women/56.jpg,https://randomuser.me/api/portraits/med/women/56.jpg,https://randomuser.me/api/portraits/thumb/women/56.jpg,TR
male,Mr,Roland,Grant,7495,The Crescent,New Ross,Meath,Ireland,89730,33.1128,15.7768,-10:00,Hawaii,roland.grant@example.com,f929acca-9b48-49f9-94c3-3ba1ba6d7eb1,tinytiger697,patience,8zt527uL,e4073f3b618f701bd920961872ea0829,77689eeab08d6c85c3616e081f79c9495d07fa37,02791c4755b7dd4f46fad6c2a6066d5ad0e6d209ad413e6dedff69700a94340f,1946-04-12T14:03:15.960Z,74,2007-11-04T06:16:58.925Z,13,011-030-9778,081-233-9126,PPS,2345458T,https://randomuser.me/api/portraits/men/10.jpg,https://randomuser.me/api/portraits/med/men/10.jpg,https://randomuser.me/api/portraits/thumb/men/10.jpg,IE
male,Mr,Teotónio,Mendes,1592,Avenida Brasil ,Hortolândia,Rio Grande do Norte,Brazil,65781,-40.2758,-47.5509,-9:00,Alaska,teotonio.mendes@example.com,f60c3ad9-71d4-48ce-8167-466eb847e970,crazybird662,hhhhhhhh,cHKS86zh,4e9e10de2b53bab7d896248f3f30d574,5ea9578f6b24dee634140308b8c366c738cc0abd,fca01ac839c221cc916e41d33aa6331bf98c05c57d6d41fbcd836ab436d5eec4,1964-02-05T05:24:40.526Z,56,2006-11-08T21:33:21.647Z,14,(39) 9662-5214,(63) 0581-2917,,null,https://randomuser.me/api/portraits/men/49.jpg,https://randomuser.me/api/portraits/med/men/49.jpg,https://randomuser.me/api/portraits/thumb/men/49.jpg,BR
female,Ms,Nella,Saarinen,1380,Reijolankatu,Loviisa,Southern Savonia,Finland,31372,29.2152,-143.3157,-11:00,"Midway Island, Samoa",nella.saarinen@example.com,751cd9ab-b7f2-43bb-abc2-2962ead30623,tinydog213,vagabond,Qr68BeqS,937443771ed4fc65b10a8b6659a03a28,e7701de9535f2f823d463ba1b4248d099a4ef6f8,cf59f1a484cc35a637099f781fc9ed4328b3d41072eed4ddecccff41a5c98e08,1968-03-08T05:49:13.671Z,52,2011-01-23T23:56:48.536Z,9,04-171-587,042-958-32-32,HETU,NaNNA910undefined,https://randomuser.me/api/portraits/women/34.jpg,https://randomuser.me/api/portraits/med/women/34.jpg,https://randomuser.me/api/portraits/thumb/women/34.jpg,FI
male,Monsieur,Hugo,Henry,5466,Rue Chazière,Renan (Be),Basel-Landschaft,Switzerland,1949,-24.5695,-119.2415,-10:00,Hawaii,hugo.henry@example.com,9c229b6e-223f-4d8c-a3f0-d0826e59a5ee,brownpeacock230,camaross,maSj7E1k,447046b8b259bc151cf8abda91ab7930,22ce67893472e8711bea67f8a2ff78ce228ad49d,daa94a5d2f2ee38febcab8946504851dbf047894069246dde9d97a4c563ed263,1959-12-25T21:33:20.719Z,61,2014-10-21T09:07:03.090Z,6,076 129 77 69,076 977 98 33,AVS,756.2345.6872.16,https://randomuser.me/api/portraits/men/16.jpg,https://randomuser.me/api/portraits/med/men/16.jpg,https://randomuser.me/api/portraits/thumb/men/16.jpg,CH
female,Ms,Brittany,White,789,Manor Road,Wicklow,Dublin City,Ireland,63948,59.5676,110.1690,+7:00,"Bangkok, Hanoi, Jakarta",brittany.white@example.com,34ade0aa-26e1-451b-90e2-137dd45aa372,beautifulgorilla144,kuang,CmbGPm0u,feee9fa09a99f0c45262c18266a9bd57,6ebebcdf75a056ee4e5e186891a8f796d75b75e3,03e526b64e7832c9b6c229b1b3abdc66a05fd731840d957f4d844f2f3fdc832e,1986-11-22T20:20:25.149Z,34,2018-12-20T13:48:37.087Z,2,021-097-4405,081-049-7826,PPS,6450359T,https://randomuser.me/api/portraits/women/70.jpg,https://randomuser.me/api/portraits/med/women/70.jpg,https://randomuser.me/api/portraits/thumb/women/70.jpg,IE
female,Ms,Léane,Lopez,101,Rue de L'Abbé-Roger-Derry,Le Havre,Marne,France,32175,-37.0695,123.6426,+3:00,"Baghdad, Riyadh, Moscow, St. Petersburg",leane.lopez@example.com,624ab6d0-5492-4cb4-b5ad-14680c844b3f,lazydog638,tommy1,lMnrQrTe,9feec51cb87ddb54aaccfdb3b1dedff5,cef9f2be3d40affb7c8c8fed01b24138ef1814bd,f347621a61d92fd95942fffedacd93d3abcdeb7c8810a463943379392028d56f,1955-11-19T09:39:53.505Z,65,2003-12-16T18:17:07.588Z,17,04-33-29-34-71,06-36-88-50-01,INSEE,2NNaN75340852 62,https://randomuser.me/api/portraits/women/95.jpg,https://randomuser.me/api/portraits/med/women/95.jpg,https://randomuser.me/api/portraits/thumb/women/95.jpg,FR
male,Mr,Archer,Clarke,4066,New Brighton Road,Christchurch,Gisborne,New Zealand,50606,41.6194,59.8920,-3:00,"Brazil, Buenos Aires, Georgetown",archer.clarke@example.com,cf821f12-7dd8-4914-ae9e-9f86859bce0b,greenpanda515,zander,u1LqjYqX,63043e3f8d818cbd78d434eb74b7068b,5e1ae770fe38933efb2bac7d3d85f92354b79383,f0934c5d08c24b425eec797811394de333be2d057f46b7552baa296850123a9f,1955-04-23T16:52:41.579Z,65,2016-10-15T06:29:17.468Z,4,(948)-947-6551,(236)-507-7350,,null,https://randomuser.me/api/portraits/men/70.jpg,https://randomuser.me/api/portraits/med/men/70.jpg,https://randomuser.me/api/portraits/thumb/men/70.jpg,NZ
male,Mr,David,Dupont,9272,Rue Gasparin,Montpellier,Morbihan,France,72004,9.9464,100.8530,+4:30,Kabul,david.dupont@example.com,e1b88718-d143-43e3-9506-db4b91ff3e0f,crazymouse118,zodiac,OcOYEQtp,33cdbb6e9b750c2bf50770afa1832126,e07e418320393b44648e00c3fcbe8c31a2ae7fcd,e3d793f8befab0f51937a73c2b66fa898f7699247dbf820ade8dc0e9b42f4780,1997-03-01T07:20:18.734Z,23,2009-10-21T22:16:18.691Z,11,03-81-31-47-07,06-47-76-33-94,INSEE,1NNaN08335248 67,https://randomuser.me/api/portraits/men/41.jpg,https://randomuser.me/api/portraits/med/men/41.jpg,https://randomuser.me/api/portraits/thumb/men/41.jpg,FR
female,Ms,Marisa,Pickel,4670,Drosselweg,Pleystein,Baden-Württemberg,Germany,85401,-9.2297,43.1085,-3:30,Newfoundland,marisa.pickel@example.com,de08dcae-27d4-495c-a7c4-558f29bb1113,tinyleopard981,tripod,9rWnpVHm,d3c785fd78a9e7189c06cb629162916e,73c3586bee82b7e1f14827d99025181278cb5ca0,0027ecaa91491d546eed94e142ab49048d76f89819e4153491de93ded025fe69,1984-07-05T04:01:29.035Z,36,2014-09-28T12:20:00.119Z,6,0672-5961054,0175-9027120,,null,https://randomuser.me/api/portraits/women/6.jpg,https://randomuser.me/api/portraits/med/women/6.jpg,https://randomuser.me/api/portraits/thumb/women/6.jpg,DE
male,Mr,دانیال,احمدی,8463,میدان امام خمینی,بروجرد,البرز,Iran,94090,56.0238,-168.7653,+3:30,Tehran,dnyl.hmdy@example.com,7cfbf70c-623c-4e8e-a243-754399778564,organicladybug530,forest,Azjp2Jhr,a81d29be60938befb706206616a8f754,6e77907dfaf03f5de84b3c44780acfa67e5fd2b3,d12f4e46920d32b94a8c34a2207e53d42d23ff3047de1d3c5000da85132e846a,1979-03-29T16:39:35.710Z,41,2016-06-25T14:52:26.850Z,4,064-52770162,0922-517-7480,,null,https://randomuser.me/api/portraits/men/16.jpg,https://randomuser.me/api/portraits/med/men/16.jpg,https://randomuser.me/api/portraits/thumb/men/16.jpg,IR
female,Mrs,Ülkü,Dizdar,361,Necatibey Cd,Tekirdağ,Osmaniye,Turkey,57712,63.4882,70.8315,-4:00,"Atlantic Time (Canada), Caracas, La Paz",ulku.dizdar@example.com,f981b140-c416-49b5-9a47-63e055afc089,angryleopard101,woofwoof,MLFq0UNy,39b8b1db32ad30405bc62621036f43da,8726c919fbc249c3878f792774903c7923bfd5d5,e21e20169591fef2de30cc3b72b8115a7ea8ddba9743b5896b8a05b596706545,1983-10-19T15:41:39.421Z,37,2015-07-24T08:56:37.775Z,5,(263)-340-6549,(540)-936-7848,,null,https://randomuser.me/api/portraits/women/44.jpg,https://randomuser.me/api/portraits/med/women/44.jpg,https://randomuser.me/api/portraits/thumb/women/44.jpg,TR
male,Mr,علی رضا,جعفری,5958,دیباجی,ورامین,بوشهر,Iran,94477,-79.9124,72.0439,+3:30,Tehran,aalyrd.jaafry@example.com,164bf6e0-e496-4975-a4f2-e921f584e90e,lazypanda420,micheal,PWqUqaWi,40a5bd02407e456edd1aeb54c920be58,1e1cc4b332ca0443bcb3f4b21588081835f1c192,b328c24a825d9c08d7ed307d5d07d0ff52039cd84cd3fff8e5acc096f123a475,1952-04-02T03:30:54.743Z,68,2011-08-15T05:33:58.549Z,9,013-06782921,0947-352-7044,,null,https://randomuser.me/api/portraits/men/64.jpg,https://randomuser.me/api/portraits/med/men/64.jpg,https://randomuser.me/api/portraits/thumb/men/64.jpg,IR
female,Miss,Alma,Graham,2756,Spring Hill Rd,Atlanta,Wisconsin,United States,45909,73.0670,-110.3429,+6:00,"Almaty, Dhaka, Colombo",alma.graham@example.com,112d497e-b022-449c-b938-1b2915d87110,blackgoose567,justme,Gwhunuck,3d7bc659849c9ae5c90df7dba84a7aae,775c34fe9ffc56d52395000b5c9144f39bad0c0f,36e433b9629e04a7aca7dd493a4110cfd7e6c5f8d25aa1698a0f7b48c1f53579,1971-08-05T02:51:01.909Z,49,2016-02-20T23:07:39.470Z,4,(179)-688-0620,(659)-273-0803,SSN,595-87-6289,https://randomuser.me/api/portraits/women/62.jpg,https://randomuser.me/api/portraits/med/women/62.jpg,https://randomuser.me/api/portraits/thumb/women/62.jpg,US
male,Mr,Daryl,Macrae,2664,Main Road,Westminster,County Antrim,United Kingdom,C00 1YL,7.9100,143.8764,+8:00,"Beijing, Perth, Singapore, Hong Kong",daryl.macrae@example.com,1a309951-1843-4c9b-b038-8dd87bf10b05,yellowmeercat760,ocean,qpSZT3WM,0ae86740c7e348f712146992162f825b,f5e7560cbd8dc04f70a3810f59e3b43ea653912d,c6a6338a248e6c61878461f58e10dc2df0665abf2eaa211920cd240a2774a497,1991-08-14T06:09:54.621Z,29,2008-11-20T19:11:36.955Z,12,016974 95180,0728-775-801,NINO,OH 43 41 70 S,https://randomuser.me/api/portraits/men/5.jpg,https://randomuser.me/api/portraits/med/men/5.jpg,https://randomuser.me/api/portraits/thumb/men/5.jpg,GB
female,Ms,Alina,Viana,5861,Rua Primeiro de Maio ,Caucaia,Amazonas,Brazil,85363,-71.9599,13.5853,-11:00,"Midway Island, Samoa",alina.viana@example.com,6bd1c0dd-0bac-424c-b5a0-ea19219d4b42,greenostrich332,carl,9Km1eno2,2815c5c92a443c9856f0cb0d005cc1de,9f56dcc731522c53cb46905b187b3f7fe3a56d58,7586a17e9e5b8da3b30da9ec7f76e8fbf31edd85e982799f132a84f627077755,1971-01-24T07:43:20.216Z,49,2017-04-05T12:42:04.259Z,3,(03) 8888-6291,(13) 9560-2268,,null,https://randomuser.me/api/portraits/women/8.jpg,https://randomuser.me/api/portraits/med/women/8.jpg,https://randomuser.me/api/portraits/thumb/women/8.jpg,BR
female,Ms,Diana,Broch,1249,Langes gate,Hommersåk,Telemark,Norway,1657,16.6507,58.9322,+9:00,"Tokyo, Seoul, Osaka, Sapporo, Yakutsk",diana.broch@example.com,c331baa3-9437-4057-9401-cb62faeb78fc,goldensnake944,slappy,KZmIRPcl,075ef321f9165a73df47eda18c02ae37,2f30ba1dfff26cf434665bd6228cd0d66d791009,a621582c4c3af16c13f6ac375a8a87bc27d48bcefec6f982249ca7410556d903,1963-07-18T09:54:36.776Z,57,2017-12-20T11:52:53.764Z,3,78655642,44874586,FN,18076319835,https://randomuser.me/api/portraits/women/85.jpg,https://randomuser.me/api/portraits/med/women/85.jpg,https://randomuser.me/api/portraits/thumb/women/85.jpg,NO
male,Mr,Timothe,Pierre,8766,Rue Barrier,Nantes,Meuse,France,42208,39.5182,-7.1937,-3:00,"Brazil, Buenos Aires, Georgetown",timothe.pierre@example.com,ce66743f-88d6-40d3-8af8-52706e71513d,brownrabbit815,lantern,4z4vbtmS,8ff620aac67779b9d9014be993452b82,801112b011cde6ab41723853cee357d13c773a2f,f87b0bf011698046e2f80c3d32bdac68215d2e936548f68a2bff72654b9bb26e,1977-11-12T17:57:15.317Z,43,2006-03-20T15:38:11.533Z,14,05-19-57-07-62,06-33-68-55-80,INSEE,1NNaN13715441 87,https://randomuser.me/api/portraits/men/19.jpg,https://randomuser.me/api/portraits/med/men/19.jpg,https://randomuser.me/api/portraits/thumb/men/19.jpg,FR
female,Ms,Phyllis,Sims,7476,Brown Terrace,Cape Fear,Nebraska,United States,76264,-17.3138,56.2263,-1:00,"Azores, Cape Verde Islands",phyllis.sims@example.com,5055c603-7b5c-477c-9dde-fd3efb0c1767,lazyduck832,chipper,u4XWmc4H,df59ec02e9a136fda445ceb968fd16fb,5e9644517095bf1da6bb2e48adffb0f0d7b2c0d6,edc8be059e86df770a99f10016e353963afd4d1dc4eb3f267d8af9b629f9f748,1973-12-01T10:38:44.417Z,47,2002-09-21T00:27:12.041Z,18,(308)-866-2350,(445)-208-9214,SSN,835-99-2699,https://randomuser.me/api/portraits/women/48.jpg,https://randomuser.me/api/portraits/med/women/48.jpg,https://randomuser.me/api/portraits/thumb/women/48.jpg,US
female,Miss,Dores,Carvalho,3532,Rua Piauí ,Rio Claro,Distrito Federal,Brazil,43040,-9.9798,-54.2239,-4:00,"Atlantic Time (Canada), Caracas, La Paz",dores.carvalho@example.com,6f355a1f-6946-4b9e-9402-122250912330,blackelephant150,testerer,0gB6aI5V,408fd5ea99a0668deba63deac28dd348,e6642bfa97daca7a20f46a63062462991b71e1a2,5d4d1a4a83ea34b231e45caa0a14f9fc8fc22ffb0a283f2eaeac17cffe1e7c76,1961-05-16T01:55:18.227Z,59,2002-11-24T15:13:46.178Z,18,(88) 4510-0921,(64) 1775-3807,,null,https://randomuser.me/api/portraits/women/49.jpg,https://randomuser.me/api/portraits/med/women/49.jpg,https://randomuser.me/api/portraits/thumb/women/49.jpg,BR
female,Miss,مارال,سلطانی نژاد,5511,میدان سلماس,سنندج,آذربایجان شرقی,Iran,46760,50.8756,-98.9892,0:00,"Western Europe Time, London, Lisbon, Casablanca",mrl.sltnynjd@example.com,975d5ded-40e6-4dd7-b80a-5238ba7d9d45,whitedog712,clarissa,yqtlKQKq,1780f6062f7798f23e06c7ad2f6fc782,0379351d58388021054f0c833f5c02607276942a,efed5f1b01aa2e7cf9057cd2ac9a5e188efd9fddb1be8435bf3f8f304a567779,1952-11-20T11:59:04.606Z,68,2007-10-24T17:58:43.517Z,13,040-31880506,0916-710-7409,,null,https://randomuser.me/api/portraits/women/4.jpg,https://randomuser.me/api/portraits/med/women/4.jpg,https://randomuser.me/api/portraits/thumb/women/4.jpg,IR
male,Mr,Tony,Dunn,2475,Westheimer Rd,Traralgon,Tasmania,Australia,2124,14.0182,166.6633,+5:45,Kathmandu,tony.dunn@example.com,5d635aed-57b7-451f-a82b-92d51bdbaef6,angrymouse718,geezer,mRFsTwM3,7c277cd0f56f7eed830cf40d148b9176,7b0ba969476a2a6ac80e191853c650169a7ead0c,f24b250b06b2c209418d0ec251342b863bad2281246db555f37fe6fb567b8af9,1998-03-21T16:36:39.557Z,22,2004-04-25T19:22:25.324Z,16,00-7328-6335,0470-343-130,TFN,191318564,https://randomuser.me/api/portraits/men/91.jpg,https://randomuser.me/api/portraits/med/men/91.jpg,https://randomuser.me/api/portraits/thumb/men/91.jpg,AU
female,Miss,Rachel,Brady,4885,Rochestown Road,Killarney,South Dublin,Ireland,85721,-32.3591,145.6998,-5:00,"Eastern Time (US & Canada), Bogota, Lima",rachel.brady@example.com,df59aeea-0511-4061-abcd-446f24935686,heavybutterfly477,marius,HmskahHb,d1fbb034ccc204ae3a0cc8b4c88d9024,7eff3b120329eb0ebfa0954e7e019c24f7d916f2,c97d137dcd4bae53bdd65feb37310808164e6c570f53fbd9df2e7500e80465b6,1966-03-16T16:40:19.562Z,54,2016-11-16T04:54:26.614Z,4,071-391-6022,081-046-9180,PPS,2294899T,https://randomuser.me/api/portraits/women/49.jpg,https://randomuser.me/api/portraits/med/women/49.jpg,https://randomuser.me/api/portraits/thumb/women/49.jpg,IE
male,Mr,Caleb,Williams,1510,Riverside Drive,New Plymouth,Wellington,New Zealand,76226,4.6127,135.7722,-6:00,"Central Time (US & Canada), Mexico City",caleb.williams@example.com,12e91205-b908-49bf-a626-41a5476eeb93,sadbear232,faith,4XMm0uzT,cc555898aef20b47c0218eb7f47193bc,a0c0e66ee91e94326013fec5c143a6f5a42c13cc,43a0065bc6f81c8d5a35515866a2ba7c5e2c2feec0af8b6eef92551892ef1d4b,1979-08-29T23:47:50.099Z,41,2006-10-16T19:39:15.185Z,14,(714)-838-7609,(156)-675-2931,,null,https://randomuser.me/api/portraits/men/66.jpg,https://randomuser.me/api/portraits/med/men/66.jpg,https://randomuser.me/api/portraits/thumb/men/66.jpg,NZ
male,Mr,محمدعلی,مرادی,2709,جمهوری اسلامی,مشهد,آذربایجان غربی,Iran,19849,7.7514,-76.3362,+3:00,"Baghdad, Riyadh, Moscow, St. Petersburg",mhmdaaly.mrdy@example.com,169508e2-4e1c-468a-9c02-b7d3a4ef714b,happymouse194,conover,SADdeVgX,542958362b2975f7f92cec5e63fef5cb,7b8f6eb25d71b4f4db2610cc28113df925e42ef2,6ceadf0b4c59e6a700299a3884dcfc12d419bd7a6e092eb5e7b62f068850dd4b,1975-07-11T14:06:39.566Z,45,2018-06-28T21:06:34.760Z,2,011-93002464,0902-308-9215,,null,https://randomuser.me/api/portraits/men/40.jpg,https://randomuser.me/api/portraits/med/men/40.jpg,https://randomuser.me/api/portraits/thumb/men/40.jpg,IR
male,Mr,Bastian,Bergh,4613,Sørstien,Aukra,Nord-Trøndelag,Norway,0262,78.5943,137.4053,-7:00,Mountain Time (US & Canada),bastian.bergh@example.com,2268552c-29eb-43f8-8445-4f232267187b,browngoose221,custom,WblYKlql,d81fe85428b7eb229204ce5faefaa448,0b7b5a2ed223a07e55722d83ee34801cace4673a,2a13d94df5fc6c4674ec51c8e901a69c0a07facb840a0d0140f202b7b3681a1a,1953-01-21T21:43:13.867Z,67,2017-12-18T19:35:11.831Z,3,77174311,95289914,FN,21015346997,https://randomuser.me/api/portraits/men/98.jpg,https://randomuser.me/api/portraits/med/men/98.jpg,https://randomuser.me/api/portraits/thumb/men/98.jpg,NO
female,Mrs,Alea,Bekkevold,4117,Jerikoveien,Glærem,Hedmark,Norway,5039,-64.7883,51.0294,-5:00,"Eastern Time (US & Canada), Bogota, Lima",alea.bekkevold@example.com,30b2f7d2-33c2-44b2-9323-eccaf5fccfd5,whiteswan953,dani,dPw9AJMR,c3585a93b47e59b530fcde0d9c190de5,5403e1226b8c452ee9707aed950ada7f4c7d7102,035c61fd8bdf378556be3403fbe3304ae244f6c4a96ac9e93a2a976123c6dec3,1948-11-27T23:06:26.012Z,72,2013-03-09T13:57:53.648Z,7,53417197,47540271,FN,27114836872,https://randomuser.me/api/portraits/women/51.jpg,https://randomuser.me/api/portraits/med/women/51.jpg,https://randomuser.me/api/portraits/thumb/women/51.jpg,NO
female,Mrs,مریم,مرادی,2380,امیرکبیر,قدس,فارس,Iran,90102,-22.0314,-79.8867,-12:00,"Eniwetok, Kwajalein",mrym.mrdy@example.com,679aeb42-a9d2-4ffd-96f3-97308a3f5816,smallostrich653,homer1,ugIwVtAf,469c0ae18da9b5c86dc6d24810403230,0f01573a3095e0689b40b2d386436c14828c1ac1,001686fbf4b3d5db578c743e7456e57899c0ced413309c131a366f1ccf0af777,1957-02-07T10:27:35.584Z,63,2019-09-20T04:48:47.593Z,1,098-82548259,0983-012-6013,,null,https://randomuser.me/api/portraits/women/51.jpg,https://randomuser.me/api/portraits/med/women/51.jpg,https://randomuser.me/api/portraits/thumb/women/51.jpg,IR
male,Monsieur,Denis,Gauthier,9806,Boulevard de la Duchère,Falera,Bern,Switzerland,4012,-81.1636,101.1087,+8:00,"Beijing, Perth, Singapore, Hong Kong",denis.gauthier@example.com,fb20fc77-1917-4fcd-baa6-8069f79a9d80,yellowgorilla522,pakistan,HlYkc1D3,82d70f57eb14352cbdb084272f4ed3e6,b5e50dd00cbc4d4f558b305784b95dcfd8c21cb6,f0968180ae398a7d2ae128ca76c6c04bb31b59f38423624a8944fb890a9a4bd8,1974-12-17T19:11:00.564Z,46,2006-07-05T05:26:23.030Z,14,078 455 45 41,078 410 99 76,AVS,756.0854.3340.90,https://randomuser.me/api/portraits/men/7.jpg,https://randomuser.me/api/portraits/med/men/7.jpg,https://randomuser.me/api/portraits/thumb/men/7.jpg,CH
male,Mr,علی,کامروا,5757,دستغیب,اراک,کرمان,Iran,63532,15.0820,-43.3014,+8:00,"Beijing, Perth, Singapore, Hong Kong",aaly.khmrw@example.com,a32934a4-b1e8-4293-9fc5-54f66c25add8,yellowbird292,marcello,pTftYYo2,fbaa259df6b1cb7debb03cc9d9f8559a,9ec04a2be9c0d02c7ef3d6ce5253e325d461df7a,c59474987b22cb0a403651b6f53fb24563145b714eb9e14b2da52d0b044cc309,1976-05-11T18:53:12.394Z,44,2018-11-30T07:38:52.741Z,2,027-96923918,0922-843-2551,,null,https://randomuser.me/api/portraits/men/27.jpg,https://randomuser.me/api/portraits/med/men/27.jpg,https://randomuser.me/api/portraits/thumb/men/27.jpg,IR
female,Ms,Ivanete,Novaes,428,Rua Mato Grosso ,São Gonçalo,Paraná,Brazil,96817,-80.2790,-156.9405,+5:45,Kathmandu,ivanete.novaes@example.com,2b8670e8-4b5d-4311-9691-375d942c4cf5,blackduck631,bamboo,kcu6udfT,6db9b61691fd2d4a19ef34398464f6ce,848afafc20513f046faa26d2a1bb16c87e7aa02f,9d6541efadb6f1238755b524e3bad28917894313dacfc6e6a8bdf42cf8dab6a5,1969-02-21T13:28:49.571Z,51,2011-10-11T03:55:05.441Z,9,(67) 4302-7588,(45) 7579-4650,,null,https://randomuser.me/api/portraits/women/31.jpg,https://randomuser.me/api/portraits/med/women/31.jpg,https://randomuser.me/api/portraits/thumb/women/31.jpg,BR
male,Mr,Mylan,Berger,1022,Place du 22 Novembre 1943,Rennes,Seine-Saint-Denis,France,80814,39.7314,-13.9994,+11:00,"Magadan, Solomon Islands, New Caledonia",mylan.berger@example.com,3dbe7ef6-ba99-4235-980b-b6808433aee8,angryzebra489,natalia,wrmxDN7y,7f76f74b6d5170e46dc6490466e6861b,b2113d3bf040ce949a0add189db7841983f32148,14ed1e53f2b268139779802bb2dde910b2c6e20fd29b355bef30ddda495dce98,1980-06-19T19:23:58.228Z,40,2009-05-20T06:09:33.725Z,11,02-23-59-95-09,06-14-93-41-76,INSEE,1NNaN52970303 63,https://randomuser.me/api/portraits/men/94.jpg,https://randomuser.me/api/portraits/med/men/94.jpg,https://randomuser.me/api/portraits/thumb/men/94.jpg,FR
male,Mr,Viljami,Honkala,2383,Aleksanterinkatu,Tuusula,Åland,Finland,11641,35.1945,68.0165,-3:30,Newfoundland,viljami.honkala@example.com,a0ad7b43-f4a0-4f66-ae16-26c0b6bb965e,ticklishbutterfly600,derf,wLzuDVMJ,88ef686f330cbf88f027ad7d6726452e,7182447fe45e9e0a22b1802b44a62349ed5cb4ef,5aa212ca8a8379208f5540a090cd7a406e6aec97f610ba8831104c00c03d0c86,1984-05-25T13:03:46.403Z,36,2009-05-23T19:31:34.830Z,11,07-597-352,044-670-62-39,HETU,NaNNA499undefined,https://randomuser.me/api/portraits/men/64.jpg,https://randomuser.me/api/portraits/med/men/64.jpg,https://randomuser.me/api/portraits/thumb/men/64.jpg,FI
male,Mr,Ilija,Reinhold,2587,Blumenstraße,Stadt Wehlen,Sachsen,Germany,84176,-2.9142,-157.8392,+5:00,"Ekaterinburg, Islamabad, Karachi, Tashkent",ilija.reinhold@example.com,e66837e9-e4ab-4ac5-b3a0-df4c34c83ed8,lazyfish156,yolanda,P6cbtAEV,fdb05b9d85c44331f7e0eb14f30c0049,6d7f48e637740f8b024da9500cc3813e841f11a8,d4015027db6af76a2e82ec106eec096d2e09097ec0bf2dbc735b4a22e3076c39,1982-01-09T08:28:11.923Z,38,2013-01-19T08:30:47.636Z,7,0554-0139968,0174-0124503,,null,https://randomuser.me/api/portraits/men/23.jpg,https://randomuser.me/api/portraits/med/men/23.jpg,https://randomuser.me/api/portraits/thumb/men/23.jpg,DE
male,Monsieur,Toni,Joly,232,Rue de L'Abbé-Migne,Rubigen,Zug,Switzerland,9195,86.2541,85.2455,+5:30,"Bombay, Calcutta, Madras, New Delhi",toni.joly@example.com,b19c39fa-2087-48f0-bb23-0a5509da32e6,heavyswan748,patrol,kUSgy548,4127bc9f113422038776b2d59a3f4af2,75d30c55b933c84157829761aa2c8fec5cd86257,757e4d3d29b115d22345528f4a71714aef922ca4909b629983364a60fb53f44a,1945-02-14T03:27:30.934Z,75,2016-10-14T23:42:50.419Z,4,078 426 68 79,076 810 95 95,AVS,756.0579.7813.42,https://randomuser.me/api/portraits/men/82.jpg,https://randomuser.me/api/portraits/med/men/82.jpg,https://randomuser.me/api/portraits/thumb/men/82.jpg,CH
female,Miss,Ava,Smith,2557,Atkinson Avenue,Rotorua,Marlborough,New Zealand,93591,-14.7473,-124.5828,+7:00,"Bangkok, Hanoi, Jakarta",ava.smith@example.com,4d914597-7ad2-4b78-bcb0-1933382cc6d0,bluegoose518,forfun,XQAO8NNM,08b7bc5147feca1f53466e42bcc028ab,1a3eb5585de43006f85af9d7a96e4d6a71a05b2b,52dfa06ee65d1e5415aeddeb748fa3388f80756898fe5f431754a070b6ed04a7,1971-02-20T05:46:40.501Z,49,2010-05-02T11:49:59.184Z,10,(831)-150-4423,(908)-222-7104,,null,https://randomuser.me/api/portraits/women/31.jpg,https://randomuser.me/api/portraits/med/women/31.jpg,https://randomuser.me/api/portraits/thumb/women/31.jpg,NZ
male,Mr,Bekir,Gröne,9093,Schlossstraße,Guben,Sachsen,Germany,17003,75.8955,111.7827,-6:00,"Central Time (US & Canada), Mexico City",bekir.grone@example.com,d48408bf-8998-44fb-a6f0-80bc7495561b,tinyswan904,tongue,Y5wo060F,0ffedc7ec45094073e3d39ca095bcf85,59a11ae648972f1a73d786255a45ea1459108a95,b68ad4c389717bebf79b341f6b94273d955db37ad659566627ff546a10d5a659,1964-11-25T13:41:54.988Z,56,2007-03-06T12:58:33.102Z,13,0097-1706696,0179-9541617,,null,https://randomuser.me/api/portraits/men/48.jpg,https://randomuser.me/api/portraits/med/men/48.jpg,https://randomuser.me/api/portraits/thumb/men/48.jpg,DE
male,Mr,Ari,Viana,4740,Rua Paraná ,Anápolis,Mato Grosso do Sul,Brazil,46449,7.0934,-4.4993,+8:00,"Beijing, Perth, Singapore, Hong Kong",ari.viana@example.com,f971f59b-d7eb-43a0-994d-3fac4c40c298,angrygorilla443,bigger,5O2UeC6l,ab3c290dd3916bf1108fe85ae3c9dfa1,41dab312a2a1c82b605451297406d0e756931d7f,5a96245d9ca712a49d374ec3261d07f76454be270121c76828fc583073f1500f,1976-03-26T19:49:54.021Z,44,2011-12-20T10:17:41.518Z,9,(96) 8087-3645,(65) 5036-1850,,null,https://randomuser.me/api/portraits/men/93.jpg,https://randomuser.me/api/portraits/med/men/93.jpg,https://randomuser.me/api/portraits/thumb/men/93.jpg,BR
male,Monsieur,Patrice,Nguyen,3944,Place du 8 Novembre 1942,Grono,Obwalden,Switzerland,3472,38.4995,-51.6313,+3:30,Tehran,patrice.nguyen@example.com,28a250ac-d3e4-437b-a93c-076f9050c4c0,goldenelephant398,trident,RTg4YHbP,fea7093163ba2a6acc0b8b4905864b57,7f15696ecf2a5749b3ed3e6a39a3b6d66954368f,32d4f3bf9d23aff2c99f9184859c945d877d8be4113dffa0ee5cc609f3bae5ab,1966-02-23T06:25:01.834Z,54,2009-06-20T16:27:27.496Z,11,075 294 05 60,075 584 40 21,AVS,756.7331.4627.58,https://randomuser.me/api/portraits/men/41.jpg,https://randomuser.me/api/portraits/med/men/41.jpg,https://randomuser.me/api/portraits/thumb/men/41.jpg,CH
male,Mr,James,White,9469,36th Ave,Delisle,Newfoundland and Labrador,Canada,W9W 5R6,85.1847,-36.3610,-10:00,Hawaii,james.white@example.com,85153502-8258-47ca-9cfb-dd1a3099f4b6,lazytiger381,icehouse,3JfCN6Kt,6f0cda1f9f4f215eb91a3ab57aea9085,6a840303b2c0142e4912403ebf2ea4f220178515,0968bf70a7ddf07c4d823298d01275203bbae7644187f2fa903c2ed9ece69248,1949-08-11T20:49:02.891Z,71,2019-03-01T04:02:00.045Z,1,743-374-8460,157-214-6331,,null,https://randomuser.me/api/portraits/men/85.jpg,https://randomuser.me/api/portraits/med/men/85.jpg,https://randomuser.me/api/portraits/thumb/men/85.jpg,CA
female,Madame,Celine,Clement,8200,Place du 8 Février 1962,Orsières,Bern,Switzerland,5350,-88.8371,140.9293,+10:00,"Eastern Australia, Guam, Vladivostok",celine.clement@example.com,148f8dba-3de9-4338-946f-2f43bdbecaaf,smallostrich602,carrie,rMcyXhq7,2d7d5e95462539e1def241e8f857e76e,c9907e245404f5c2a130a4e52117595ccca4c5d1,6314eb39859b95e8460d2550f6fe842f34ce6c2263d5bc5ece7d676ad452a43d,1957-05-24T20:49:17.968Z,63,2005-03-17T15:22:56.087Z,15,076 485 46 58,078 585 07 42,AVS,756.6701.5632.81,https://randomuser.me/api/portraits/women/47.jpg,https://randomuser.me/api/portraits/med/women/47.jpg,https://randomuser.me/api/portraits/thumb/women/47.jpg,CH
female,Mrs,یلدا,سالاری,9901,پارک 17 شهریور,گلستان,مازندران,Iran,11495,19.8334,84.0006,-10:00,Hawaii,yld.slry@example.com,d60a85fa-dd73-4899-a7e5-b76488a0e59c,organicleopard855,ball,b1ppVmXv,cc1064641fc32978a537eb07c027be23,30c6e4b22bc90afba0c46f7f36625ec41c197fae,dcfe8ebe5aad15cd19293f9b8b560fa6143e86d15912f981097fa3125e58a675,1961-04-24T20:56:29.643Z,59,2018-09-11T21:04:02.129Z,2,040-40518935,0966-546-1057,,null,https://randomuser.me/api/portraits/women/4.jpg,https://randomuser.me/api/portraits/med/women/4.jpg,https://randomuser.me/api/portraits/thumb/women/4.jpg,IR
female,Mademoiselle,Diane,Marie,5575,Route de Genas,Pratteln,Luzern,Switzerland,5811,-35.9740,136.4792,-6:00,"Central Time (US & Canada), Mexico City",diane.marie@example.com,203632eb-08a1-4751-9b8f-83c99e5393a6,purpleladybug544,qiao,QUmOXZ8Z,05e8db43315c99a28dc2c34fd2b24058,98c1898df6c37ed088cc6625cec8d09aaab3e6bb,fa080108d33959956d6e0a0242792c7669b3dddb192338e5a853f2a10747c25b,1962-04-05T20:52:44.712Z,58,2017-09-10T19:52:05.085Z,3,076 925 90 22,078 444 64 47,AVS,756.5088.3089.28,https://randomuser.me/api/portraits/women/30.jpg,https://randomuser.me/api/portraits/med/women/30.jpg,https://randomuser.me/api/portraits/thumb/women/30.jpg,CH
male,Mr,William,Liu,7021,Arctic Way,Tecumseh,British Columbia,Canada,M6S 2O5,57.7096,125.9873,-7:00,Mountain Time (US & Canada),william.liu@example.com,5f9f82e0-383a-4412-865a-61c79bd45dab,redbutterfly810,turbo1,tSvfnDvT,7df19477269a10521308b8eace579cc2,7a09ae1e68f0f61effc4ca35b21901a1926da9c2,67ec5058d92d97c739751b8b4c4ccf53249eeecbec5b925dbdad013511dc50c6,1960-12-02T17:07:25.989Z,60,2007-11-30T07:41:08.642Z,13,789-416-9996,260-260-6215,,null,https://randomuser.me/api/portraits/men/17.jpg,https://randomuser.me/api/portraits/med/men/17.jpg,https://randomuser.me/api/portraits/thumb/men/17.jpg,CA
male,Mr,Çetin,Tanrıkulu,8005,Mevlana Cd,Bolu,Çanakkale,Turkey,77201,-81.1496,-33.5732,-5:00,"Eastern Time (US & Canada), Bogota, Lima",cetin.tanrikulu@example.com,fb0eee69-b703-4793-abc8-e12a540c97dd,angryzebra473,chichi,VVAGiU5h,9f10b4a5497b3e5c246cf9c2d877c0a9,954b2405810e32c29e4c3017f6f6f8c90d910764,37f928e807f6c95b09294ddec467dcb5a9d258e29c908a4194a630fe9159191e,1963-04-19T08:36:05.925Z,57,2004-04-29T18:14:44.075Z,16,(014)-365-5084,(481)-211-8783,,null,https://randomuser.me/api/portraits/men/60.jpg,https://randomuser.me/api/portraits/med/men/60.jpg,https://randomuser.me/api/portraits/thumb/men/60.jpg,TR
female,Miss,Nour,Sundby,1444,Ove Kristiansens vei,Bodø,Nordland,Norway,4480,33.1066,149.7206,0:00,"Western Europe Time, London, Lisbon, Casablanca",nour.sundby@example.com,1111e6b6-8240-4343-843c-4c924ce69476,brownladybug398,chuck1,fXukxo1r,3dba187ff6f9ec4d26ffec9227c4f828,0b5b6a83a6ece05c040deb06135ba9fe7d1cc5de,df6060a117f8e22169f89d5b2e111cfedc03ec5e6ea350ded3d080073f795452,1989-03-02T03:46:54.472Z,31,2017-09-14T15:20:45.087Z,3,57030568,40990381,FN,02038944277,https://randomuser.me/api/portraits/women/10.jpg,https://randomuser.me/api/portraits/med/women/10.jpg,https://randomuser.me/api/portraits/thumb/women/10.jpg,NO
male,Mr,Aleksi,Palo,8716,Siilitie,Seinäjoki,Tavastia Proper,Finland,55002,-1.4345,-141.0815,-3:30,Newfoundland,aleksi.palo@example.com,c1b180ff-0983-41df-93d1-33d35a47d105,silvergorilla229,420420,NRJmAF40,e74857c10660baec8117877addf279b3,24b2e2271d15c8896fc45bdbcfc3642bab36557d,abee56ff30e2c1a80d97c1b35556a71b2012bf47243125feff3c3da19fe890e8,1958-02-20T21:58:59.730Z,62,2002-04-18T23:48:24.655Z,18,07-801-820,046-253-37-20,HETU,NaNNA009undefined,https://randomuser.me/api/portraits/men/11.jpg,https://randomuser.me/api/portraits/med/men/11.jpg,https://randomuser.me/api/portraits/thumb/men/11.jpg,FI
female,Ms,Inmaculada,Cabrera,4636,Calle de Arturo Soria,Talavera de la Reina,La Rioja,Spain,27852,56.2457,112.6763,+6:00,"Almaty, Dhaka, Colombo",inmaculada.cabrera@example.com,eda4f226-e890-4339-9cf3-1cd174c19d38,purplelion750,chocha,Ur5ZF5Bz,964bd2b563e27c88f667ff26760662ae,a17a7db2dd57655654d806d998121c1cc8538dd7,813ef3f26a9b7ded82172dcef6f3b44fbe0b109a355540f4367d6c5cfd4ec73c,1945-02-21T01:35:43.585Z,75,2010-09-03T21:00:36.226Z,10,974-668-742,616-762-164,DNI,05170881-C,https://randomuser.me/api/portraits/women/89.jpg,https://randomuser.me/api/portraits/med/women/89.jpg,https://randomuser.me/api/portraits/thumb/women/89.jpg,ES
female,Ms,Sara,Ramirez,5304,Calle del Barquillo,Santa Cruz de Tenerife,Canarias,Spain,81122,36.8301,61.1550,-10:00,Hawaii,sara.ramirez@example.com,03d5df5e-ece9-4889-a446-db68ca59287e,smallrabbit203,admin,UH60REBU,d2eed5b815c661050f2d7e8bd5ab24a1,17d9ecc4792176c0709b340beffb41c7e7ee7ed9,da6ed7951e6a9b6e2a3926067e5dba25a5f6a4ddd9f5676658bb0769b64e1e8f,1992-04-29T03:42:13.703Z,28,2010-11-14T06:29:39.877Z,10,908-060-868,606-292-634,DNI,93081526-F,https://randomuser.me/api/portraits/women/52.jpg,https://randomuser.me/api/portraits/med/women/52.jpg,https://randomuser.me/api/portraits/thumb/women/52.jpg,ES
female,Miss,Stephanie,Gray,4026,Hickory Creek Dr,Traralgon,South Australia,Australia,7160,57.4963,-57.0374,+1:00,"Brussels, Copenhagen, Madrid, Paris",stephanie.gray@example.com,e69a5e6e-5053-4b83-8c93-3f1e8b0ba465,biggoose541,xanadu,LwZFBbAj,0a974e4d72a4305c3512b151df186bf4,0fc1faea3fadad10ffc0f0a499d8b592ca0d376d,4ceec7269834214ce53c8e20638b3415b075211dcc94ee4346911b63fdfe397c,1995-06-07T23:17:03.712Z,25,2009-02-18T05:13:57.441Z,11,09-0659-0364,0440-810-455,TFN,774947093,https://randomuser.me/api/portraits/women/27.jpg,https://randomuser.me/api/portraits/med/women/27.jpg,https://randomuser.me/api/portraits/thumb/women/27.jpg,AU
male,Mr,Gustaaf,Noorland,7159,Gedempte Bargerbeek,Kruispolderhaven,Friesland,Netherlands,44915,22.4085,109.7661,+5:45,Kathmandu,gustaaf.noorland@example.com,88c015c2-8772-4dff-bcde-6b028b5ecc30,beautifulwolf922,5150,5SvMohzf,6d9bd395b177c8785f0ecf9e8f4185fb,dc809fd3c42287910dcc1add8deef0eb8a35311f,d4691e5bdbf726dae4ab5d84c9b503899eb824a1e1b1c324247f20e2e0653028,1953-11-28T17:18:05.269Z,67,2008-08-22T04:42:02.836Z,12,(763)-656-5300,(962)-932-5801,BSN,38186144,https://randomuser.me/api/portraits/men/84.jpg,https://randomuser.me/api/portraits/med/men/84.jpg,https://randomuser.me/api/portraits/thumb/men/84.jpg,NL
female,Ms,Lucy,Rogers,1533,The Green,Southampton,Dorset,United Kingdom,J97 8LR,72.4795,13.5539,+3:00,"Baghdad, Riyadh, Moscow, St. Petersburg",lucy.rogers@example.com,383d8085-1dc9-4a35-9177-830ef317d58f,goldenpeacock454,ruan,W1BrRxlu,cac7513d24451fc37f9f246e46df3411,f8b852147d6d2f70942502257fd7f642db5f4273,2f5d2813ee16f2594c48d6091edcc58b5e216dbda092cd1eb45cf69aa5b8ef1d,1952-10-23T06:02:13.793Z,68,2006-04-25T05:52:47.443Z,14,028 0407 7896,0789-398-217,NINO,BZ 01 61 51 X,https://randomuser.me/api/portraits/women/26.jpg,https://randomuser.me/api/portraits/med/women/26.jpg,https://randomuser.me/api/portraits/thumb/women/26.jpg,GB
female,Miss,Lillie,Baumann,8419,Sommerrogata,Heggelia,Aust-Agder,Norway,5644,87.5783,-73.0723,+9:30,"Adelaide, Darwin",lillie.baumann@example.com,bfe19324-458b-435f-97e0-8ece240408ee,beautifulzebra837,19781978,FSqUPEzr,7fa025ec3742f6ef141e3bf6bd9dd84d,8326a409cb77bb0bf419a030cc682edbbe31d6dd,c018f63dd548a9938dea591e35c734117d9d5f3b646f683194f4bdefb559800d,1995-06-10T06:33:15.742Z,25,2011-07-17T18:54:20.051Z,9,75200009,49645359,FN,10069510618,https://randomuser.me/api/portraits/women/65.jpg,https://randomuser.me/api/portraits/med/women/65.jpg,https://randomuser.me/api/portraits/thumb/women/65.jpg,NO
male,Mr,Çetin,Pekkan,1461,Talak Göktepe Cd,Malatya,Elazığ,Turkey,17512,-14.7422,20.2837,+8:00,"Beijing, Perth, Singapore, Hong Kong",cetin.pekkan@example.com,300f31a7-2cb9-46d0-8bb9-5478b8066452,crazydog940,grinch,IUuYHbJJ,40350b8d4192d28ee54f8b2a84521438,0c8927dc4ccd938695a2b171289fc0129fc5ee86,6e3908992ce33bd0b405733ee19e5045984960ffb657cdec7e3178fd8dbee99e,1990-07-28T19:48:37.031Z,30,2008-05-16T11:44:28.665Z,12,(908)-430-0974,(103)-318-8239,,null,https://randomuser.me/api/portraits/men/95.jpg,https://randomuser.me/api/portraits/med/men/95.jpg,https://randomuser.me/api/portraits/thumb/men/95.jpg,TR
female,Ms,Andrea,Christiansen,3079,Kalundborgvej,Sundby/Erslev,Midtjylland,Denmark,98505,16.8762,68.8071,+3:00,"Baghdad, Riyadh, Moscow, St. Petersburg",andrea.christiansen@example.com,943e2a25-0705-42dd-881a-29b30c61e02f,brownrabbit669,rightnow,EXgF1qwT,809e9fda1b70165251817dab8d1f64cf,c5604455996abdae47c4a12c6ace6db65c9e7dd4,7a5e2d4d4f20fa1455b7338b86178e000fee8b0c6500214d0ccde2ae542d421a,1971-04-07T05:14:12.484Z,49,2007-04-06T15:59:38.080Z,13,32121007,83369911,CPR,070471-4075,https://randomuser.me/api/portraits/women/51.jpg,https://randomuser.me/api/portraits/med/women/51.jpg,https://randomuser.me/api/portraits/thumb/women/51.jpg,DK
male,Mr,Leevi,Niemela,8785,Hämeenkatu,Loviisa,Central Finland,Finland,71065,-50.0937,86.2702,-10:00,Hawaii,leevi.niemela@example.com,3feb43b8-4b59-4d60-aaf1-e1b64d9458b1,blueduck615,dogbert,ySGAI8ew,7127664a5ab8e01a0302e5f40073077c,05be5de6c6d23748a4035df008f98d9ee3ad387b,8ccfbeed46a442f6d1862ea241b84431bcb29de16d858b70bee34383defdf7be,1977-03-27T15:54:58.570Z,43,2010-04-15T22:55:25.342Z,10,09-809-814,049-506-53-48,HETU,NaNNA071undefined,https://randomuser.me/api/portraits/men/72.jpg,https://randomuser.me/api/portraits/med/men/72.jpg,https://randomuser.me/api/portraits/thumb/men/72.jpg,FI
female,Miss,Nurdan,Adan,2220,Bağdat Cd,İstanbul,Diyarbakır,Turkey,23005,-21.4893,-33.6176,-3:30,Newfoundland,nurdan.adan@example.com,52612f25-3e99-4639-ac11-47b7dd834201,orangezebra303,freefall,xWh65w2Y,027fe229a706fe970509a54e05a6509b,4357fa90910c8e8e52e92c99f79ed2a77ff1924a,c14760060e41b763d6a5aa5382da7e234ca07f8fe3e2ba98e8e35d31d8541a58,1964-07-14T02:09:15.737Z,56,2003-09-05T09:42:10.622Z,17,(858)-928-6667,(967)-324-4304,,null,https://randomuser.me/api/portraits/women/75.jpg,https://randomuser.me/api/portraits/med/women/75.jpg,https://randomuser.me/api/portraits/thumb/women/75.jpg,TR
male,Mr,Christian,Romero,3851,Calle de Arturo Soria,Cartagena,Extremadura,Spain,29819,6.8630,-170.9527,-2:00,Mid-Atlantic,christian.romero@example.com,97166d8e-4f3a-4143-86af-3d144f6eeee2,purplezebra425,oracle,8hsEcHUi,c7c074a42cd0461012d52fbc08c3a228,1fd23458e08308fb88905bf2c0461d92b1d27b61,c3b70aced1ce29e47521be0111d35bf16b3ab0bfbc3b202898f868184e4e1057,1978-09-03T09:29:27.579Z,42,2003-03-16T15:49:55.889Z,17,917-124-232,632-837-163,DNI,47824578-I,https://randomuser.me/api/portraits/men/83.jpg,https://randomuser.me/api/portraits/med/men/83.jpg,https://randomuser.me/api/portraits/thumb/men/83.jpg,ES
male,Mr,Rafael,Torbergsen,5122,Sigurd Hoels vei,Krossen,Akershus,Norway,5099,-56.9721,137.3521,+2:00,"Kaliningrad, South Africa",rafael.torbergsen@example.com,32c8ebec-93f5-46b5-b02a-4ab17e5cb90f,orangewolf105,goodman,jec4dC2j,41d2128fb0e9094dad8daf8ad77e719c,444d52fa1f0825839a1b5fbc54463b236e543a7d,3c669b0ce27440fe4fbc0ae4ee4f7c64ed47f8e783fbac6cc52db931f63d8c3b,1965-04-25T16:40:11.500Z,55,2019-04-03T15:47:51.854Z,1,85741865,90570316,FN,25046521709,https://randomuser.me/api/portraits/men/3.jpg,https://randomuser.me/api/portraits/med/men/3.jpg,https://randomuser.me/api/portraits/thumb/men/3.jpg,NO
female,Ms,Josefina,Martin,7810,Calle Nebrija,Alcalá de Henares,Cantabria,Spain,57844,-69.1578,1.9911,+5:30,"Bombay, Calcutta, Madras, New Delhi",josefina.martin@example.com,9ac94f41-b0ca-4843-b01b-6701c1c46a19,whiterabbit537,sabrina,rabi8RO8,2b49706d7b9842f7fe7b8f0fe29b695d,02348d28599c142a61514970da51a1b2d53c8c40,b5388044480009dae38d9aa69c8bb6c53259f1ca3448d8b2d9fc1b3bcede5f44,1983-11-26T08:14:27.534Z,37,2005-10-23T08:39:18.977Z,15,903-330-560,675-105-498,DNI,35967764-J,https://randomuser.me/api/portraits/women/34.jpg,https://randomuser.me/api/portraits/med/women/34.jpg,https://randomuser.me/api/portraits/thumb/women/34.jpg,ES
male,Mr,Christian,Mortensen,2733,Frederikssundsvej,Aarhus N,Sjælland,Denmark,90870,77.2254,-35.3676,-9:00,Alaska,christian.mortensen@example.com,32f50036-a714-450e-b428-c11027d06fc0,greenbear383,johann,NcwsE3Ye,7657e67bd83f13b59186a0265f3e55ec,3e0e56bc50a82ffccb5e9c1ce9ae0264f9b7d50a,9cc527abf12bcd2fca8ee497eb70f0551c0473621ba809be6328033558ebeebc,1986-12-29T04:28:16.659Z,34,2012-10-18T03:19:35.690Z,8,65060341,45167544,CPR,291286-8243,https://randomuser.me/api/portraits/men/0.jpg,https://randomuser.me/api/portraits/med/men/0.jpg,https://randomuser.me/api/portraits/thumb/men/0.jpg,DK
male,Mr,Mario,Flores,4952,Westheimer Rd,Shepparton,Australian Capital Territory,Australia,6473,-56.1273,115.9512,-2:00,Mid-Atlantic,mario.flores@example.com,92424362-2efb-4b2b-b522-f83cef2600cc,bigtiger255,judy,6vTzvVU8,133a05c3428b6513244680c6ae752a90,030182ab7936a10d0f01ae3aeda0ee7724836512,b11a90ae684f52a70f23670bec5676a7a4ed79903e212f2c563939c7385003b4,1979-11-10T07:58:11.236Z,41,2006-11-01T04:50:58.190Z,14,07-3711-1446,0453-120-628,TFN,804751819,https://randomuser.me/api/portraits/men/70.jpg,https://randomuser.me/api/portraits/med/men/70.jpg,https://randomuser.me/api/portraits/thumb/men/70.jpg,AU
male,Mr,Silas,Thomsen,9332,Rødtjørnevej,Vesterborg,Sjælland,Denmark,32535,-84.0502,-162.1209,-11:00,"Midway Island, Samoa",silas.thomsen@example.com,54663400-a5f6-499b-8edf-1a87563b3ec3,purplepanda401,imation,oEbxF51S,2b212e7226e6eeabb39e239cf021af5b,d9e2a13751cebab107b43e2a7b522c460eba6cdc,eb760ba6f4fb1f33147e0a9e6ea4c7fac9a3f691711539f4989de1afed636a94,1947-02-21T16:02:36.905Z,73,2002-10-11T16:07:38.743Z,18,13902423,36044744,CPR,210247-8573,https://randomuser.me/api/portraits/men/99.jpg,https://randomuser.me/api/portraits/med/men/99.jpg,https://randomuser.me/api/portraits/thumb/men/99.jpg,DK
female,Mrs,Emma,Leino,8226,Pyynikintie,Inari,Kainuu,Finland,46914,44.9287,28.0771,+3:30,Tehran,emma.leino@example.com,714b248a-fa98-4032-a8e5-185c5617ca93,beautifuldog224,triple,WVBN11vi,fb49b1493a313b161f95df4d2c0fc93b,940c38af8f7563a4a39c1d4dc1ad1023d9a3c9bc,9dcbb10bab97ec16ff16c2af04776d03e3cb65e921d30203e8cef7a8ec9cda0a,1948-06-03T12:28:25.216Z,72,2003-06-23T01:37:15.056Z,17,04-104-696,043-103-31-80,HETU,NaNNA370undefined,https://randomuser.me/api/portraits/women/19.jpg,https://randomuser.me/api/portraits/med/women/19.jpg,https://randomuser.me/api/portraits/thumb/women/19.jpg,FI
male,Mr,Stanislaw,Grønstad,1297,Dronning Astrids gate,Høllen,Finnmark - Finnmárku,Norway,4641,89.8390,9.2888,-8:00,Pacific Time (US & Canada),stanislaw.gronstad@example.com,fdd487c3-9ed6-4113-a126-3335df243482,greenfish524,hott,gi9i8Oaz,d2d13f90f2bea589e5dcfd31d88fdd26,8e7c7cfebaf8d5d4c0f4f9ca4d64fcec4d30e2f9,863f00bcd9c598874f1f36da2a18450c0e924cf1b3cf8278a03cc4f11eb004fe,1959-12-16T17:41:42.842Z,61,2008-08-27T18:02:55.923Z,12,66213592,93066076,FN,16125913133,https://randomuser.me/api/portraits/men/27.jpg,https://randomuser.me/api/portraits/med/men/27.jpg,https://randomuser.me/api/portraits/thumb/men/27.jpg,NO
female,Mrs,Hazel,Li,8921,Balmoral Road,Whanganui,Northland,New Zealand,28623,57.8801,-121.8783,+2:00,"Kaliningrad, South Africa",hazel.li@example.com,0d7eaf67-8315-4a69-8687-2b630fec91e9,bigbutterfly946,ground,DsnuIS1P,0deb5a2a691cf0d1123ec4eebd15b5a4,fafaf44067ac85d219c42885e4ad72fe5cb341de,3e7a001fd31bfc0d7257b9a6836b640941388c2fa1167a221e3d6b5e12bbc6d1,1967-02-04T21:24:23.516Z,53,2007-02-15T16:50:16.375Z,13,(095)-084-1299,(583)-697-1562,,null,https://randomuser.me/api/portraits/women/75.jpg,https://randomuser.me/api/portraits/med/women/75.jpg,https://randomuser.me/api/portraits/thumb/women/75.jpg,NZ
male,Mr,Mario,Vidal,9149,Paseo de Zorrilla,Oviedo,Cataluña,Spain,18334,-17.5121,-61.9007,-8:00,Pacific Time (US & Canada),mario.vidal@example.com,671f0b59-dd94-40d9-bb15-dd3d9f039f43,sadgoose611,trains,Mjp9vDr6,431bd8fcc06fa8aa89c028b5e68986a5,9183f66997dacef56cedfbc1e23ac162316be478,0d5722d07d54bab6b4aec21ac5f8a87f992ad94f4f8c4948ce7d780d4ca33c48,1949-01-29T12:06:25.385Z,71,2008-04-05T06:35:31.450Z,12,995-153-372,608-267-957,DNI,53839302-D,https://randomuser.me/api/portraits/men/9.jpg,https://randomuser.me/api/portraits/med/men/9.jpg,https://randomuser.me/api/portraits/thumb/men/9.jpg,ES
female,Miss,Luz,Vazquez,4537,Calle del Arenal,Ferrol,Cantabria,Spain,72838,36.3937,158.0767,-3:00,"Brazil, Buenos Aires, Georgetown",luz.vazquez@example.com,af36f3d3-3d66-4498-b1b7-beb06d8f205e,silvergorilla382,madison1,SSZWlowV,ecda78120b1783d2c4e8b96f56b323e3,161202a672632d6e9d8904892ce2fe7b2f300b64,6ffc323637bfe6689f22f8cfcb91ca1b8718c72d75c5535d2abaac34de3b58bf,1988-01-03T11:22:32.342Z,32,2006-05-31T22:45:38.913Z,14,989-393-145,677-063-409,DNI,87712198-I,https://randomuser.me/api/portraits/women/47.jpg,https://randomuser.me/api/portraits/med/women/47.jpg,https://randomuser.me/api/portraits/thumb/women/47.jpg,ES
female,Mrs,Nour,Jordet,3615,Gjørstads gate,Ulsteinvik,Buskerud,Norway,4886,-31.2657,-157.4287,0:00,"Western Europe Time, London, Lisbon, Casablanca",nour.jordet@example.com,1b123978-59c6-4413-88de-79c8cf798084,tinykoala217,carrie,88ynxk7m,6dba0fa72e1813511790ba91080d8458,1ccefddfc8cb1b46950359c835e40627803869cb,f1864d8d23a34024b69132e8ece5f237be81302cf74bc5777759c15394572e3b,1966-03-12T07:39:18.992Z,54,2006-05-30T02:27:39.654Z,14,89505374,99281095,FN,12036607082,https://randomuser.me/api/portraits/women/16.jpg,https://randomuser.me/api/portraits/med/women/16.jpg,https://randomuser.me/api/portraits/thumb/women/16.jpg,NO
male,Mr,Joan,Calvo,7198,Calle de Tetuán,Las Palmas de Gran Canaria,La Rioja,Spain,57142,35.4664,-162.3886,-11:00,"Midway Island, Samoa",joan.calvo@example.com,f14bdc54-357a-4f6a-8f6a-6f4358ef90e1,ticklishrabbit906,lebowski,3apUTAH9,18d0e5151a7d4aa0506243e6171f8228,5a470dfc21673fdccfc30934d048ce5c58d6d1ed,f87930f530d0f0a118aed070d8eb1ff17625171b9c8fd70347f1f158b3146282,1962-10-03T14:14:55.439Z,58,2004-02-24T15:28:49.336Z,16,901-470-936,660-177-378,DNI,93365939-D,https://randomuser.me/api/portraits/men/54.jpg,https://randomuser.me/api/portraits/med/men/54.jpg,https://randomuser.me/api/portraits/thumb/men/54.jpg,ES
male,Mr,Duane,Jordan,7453,Parker Rd,Victorville,Ohio,United States,67792,-5.2658,178.7889,+9:30,"Adelaide, Darwin",duane.jordan@example.com,572ba84e-c150-46a6-a4f2-430ef059657c,crazypeacock462,bbbbbbb,IRQ1zlyt,741a0e5c80027aaa3bd5355364f0751c,b43313a2c0678ca858fd238b465c16a3ada46c52,a90c0f4904305170bb31c160aa72bd191f5c70aa39fc7fcda3c7a4163e779b84,1951-10-06T03:52:55.275Z,69,2004-08-13T01:41:06.415Z,16,(885)-565-8349,(208)-608-9897,SSN,483-31-8844,https://randomuser.me/api/portraits/men/53.jpg,https://randomuser.me/api/portraits/med/men/53.jpg,https://randomuser.me/api/portraits/thumb/men/53.jpg,US
male,Mr,Sergei,Pohle,9689,Drosselweg,Visselhövede,Rheinland-Pfalz,Germany,36866,22.6554,23.9246,-6:00,"Central Time (US & Canada), Mexico City",sergei.pohle@example.com,4d18b6ab-8fc5-4947-ab0a-35f6fd437ba4,yellowfrog888,555555,oLs4KgbH,2deb4255d9e45e6e1224253a35a04512,1b2dbc697a87642c8bb24a3ae6d3239b44b6788d,a42482bf7625866d4537306297b05de515b5d2c4bd42401d380b4f3ac8919483,1955-04-05T22:26:02.837Z,65,2004-11-06T02:38:28.299Z,16,0420-5037802,0178-1525902,,null,https://randomuser.me/api/portraits/men/32.jpg,https://randomuser.me/api/portraits/med/men/32.jpg,https://randomuser.me/api/portraits/thumb/men/32.jpg,DE
female,Miss,Rosalyn,Price,5397,Grange Road,Ennis,South Dublin,Ireland,51416,-62.3193,117.8703,-12:00,"Eniwetok, Kwajalein",rosalyn.price@example.com,cdae0046-7cf8-441b-9388-6026ffae7033,blueelephant108,cooldude,iCuvwTkb,274b9e43e94d93d8ee16b4f13ce0873e,473a4adf5b202f646fe79b2f6a29a79797ded459,94d959ef9463b964706c6efcce8839a986196731952fe15fc642d32bcfe53a71,1983-12-13T22:39:09.257Z,37,2017-06-17T02:36:18.765Z,3,031-489-2185,081-926-8658,PPS,2581407T,https://randomuser.me/api/portraits/women/40.jpg,https://randomuser.me/api/portraits/med/women/40.jpg,https://randomuser.me/api/portraits/thumb/women/40.jpg,IE
male,Mr,Elioenai,Araújo,4470,Rua Santa Rita ,Nossa Senhora do Socorro,Santa Catarina,Brazil,29000,-8.6768,30.7794,+10:00,"Eastern Australia, Guam, Vladivostok",elioenai.araujo@example.com,0531e7b0-9bea-42bb-96ee-fa7eb0ddea74,yellowgorilla608,muppet,KyP32kU3,785f759c8a0de64a18f21cf4fcc01797,9afdab52f54210421c573beaac4b0b5724efe18a,049c940ae9c092af52adfbeed0b171d6770d13a9b51eebf169dbb5ef2e8f26af,1947-11-04T08:01:18.100Z,73,2018-02-13T09:19:56.975Z,2,(94) 7717-7524,(15) 2686-8497,,null,https://randomuser.me/api/portraits/men/22.jpg,https://randomuser.me/api/portraits/med/men/22.jpg,https://randomuser.me/api/portraits/thumb/men/22.jpg,BR
female,Ms,Melinda,Nogueira,6982,Rua Alagoas ,Valparaíso de Goiás,Sergipe,Brazil,96115,26.0397,44.5156,+3:30,Tehran,melinda.nogueira@example.com,ecf5d21f-8f90-48cf-8e25-74dc2a4d40b6,tinybird377,cricket,ROjJphGc,5c561c075e484165665a50dc809bab8a,a305039c2947d27f29b9226219efcf2273db4e49,afc61417ca08649f35c378d789a1219783ae7e529dceb14666617cc3649a3ff7,1949-04-05T15:15:58.930Z,71,2007-09-13T05:26:24.975Z,13,(22) 5058-4611,(77) 4939-8898,,null,https://randomuser.me/api/portraits/women/85.jpg,https://randomuser.me/api/portraits/med/women/85.jpg,https://randomuser.me/api/portraits/thumb/women/85.jpg,BR